{
  "scheming_version": 1,
  "dataset_type": "msp-data",
  "about_url": "http://example.com/the-camel-photos-schema",
  "dataset_fields": [
    {
      "start_form_page": {
        "title": "Main metadata",
        "description": "Main metadata"
      },
      "field_name": "owner_org",
      "label": "Organization",
      "preset": "dataset_organization",
      "required": false,
      "help_text": "Select the organization for which you manage this dataset."
    },
    {
      "field_name": "title",
      "label": "Resource title",
      "preset": "title",
      "form_placeholder": "eg. Maritime transport, Coralligenous communities, Offshore sand deposits",
      "required": true,
      "help_text": "The following scheme should be used (optional elements, indicated in square brackets): \"Original Title of the resource (in English) - [Location] - [Acronym] - [Year] [Resource owner/provider, in brackets]\". Be concise, using optional elements when they help to better identify a specific resource among similar ones. Example: \"Fisheries sectors - Southern Adriatic Sea - GSA - 2015 (FAO)\"."
    },
      {
      "field_name": "name",
      "label": "URL",
      "preset": "dataset_slug",
      "form_placeholder": "eg. my-dataset"
    },
    {
      "field_name": "pdm_partner",
      "label": "Partner",
      "preset": "select",
      "form_snippet": null,
      "display_snippet": null,
      "help_text": "Please, do not change this value",
      "choices": [
          {
              "value": "LP",
              "label": "LP"
          },
          {
              "value": "PP2",
              "label": "PP2"
          },
          {
              "value": "PP3",
              "label": "PP3"
          },
          {
              "value": "PP4",
              "label": "PP4"
          },
          {
              "value": "PP5",
              "label": "PP5"
          },
          {
              "value": "PP6",
              "label": "PP6"
          },
          {
              "value": "PP7",
              "label": "PP7"
          },
          {
              "value": "PP8",
              "label": "PP8"
          },
          {
              "value": "PP9",
              "label": "PP9"
          },
          {
              "value": "PP10",
              "label": "PP10"
          },
          {
              "value": "PP11",
              "label": "PP11"
          }
      ]
    },
    {
      "field_name": "notes",
      "label": "Resource abstract",
      "form_snippet": "markdown.html",
      "form_placeholder": "eg. Abstract about the portal",
      "required": true,
      "help_text": "Describe in a few sentences the content and the purpose of the resource."
    },
    {
      "field_name": "original-title",
      "label": "Original title",
      "help_text": "Resource title in its native language (unless this is English), if already available"
    },
    {
      "field_name": "original-abstract",
      "label": "Original abstract",
      "help_text": "Abstract in its native language (unless this is English), if already available"
    },
    {
      "field_name": "category",
      "label": "Topic category",
      "preset": "tag_string_autocomplete",
      "required": true,
      "help_text": "High-level dataset thematic classification to assist in the grouping and search of available datasets.",
      "display_snippet": "multiple_values.html",
      "form_attrs": {
        "data-module": "autocomplete",
        "data-module-tags": "",
        "data-module-createtags": "false",
        "data-module-source": "/scheming/api/util/category/autocomplete?incomplete=?",
        "class": ""
      }
    },
    {
      "field_name": "sub_category",
      "label": "Sub category",
      "form_snippet": "markdown.html",
      "form_placeholder": "eg. Sub cateogry",
	"help_text": "More detailed dataset thematic classification. Please use a value from the field \"Title\" used in the tables of the  <a href=\"https://cnrsc.sharepoint.com/:x:/r/sites/Spoke2-BuildinguptheStrategicResearchandInnovationAgendaSRIA-A4-MSP4BIODIVERSITY/Documenti%20condivisi/A4%20-%20MSP4BIODIVERSITY/T4.1%20-%20Knowledge%20Catalogue/Data%20cluster%20matrices.xlsx?d=w30733fe8b3104e45aa92e6fc180cc08b&csf=1&web=1&e=DyjVZk\" target=\"_blank\">MSP cluster scheme</a>",
      "help_allow_html": true
    },
    {
      "field_name": "language",
      "label": "Resource language",
      "preset": "select",
      "required": true,
      "help_text": "Language of the dataset as found, for example, in attribute tables for geospatial datasets or in text for documents.",
      "choices": [
          {"label": "English", "value": "eng"},
          {"label": "Bulgarian", "value": "bul"},
          {"label": "Croatian", "value": "hrv"},
          {"label": "Czech", "value": "cze"},
          {"label": "Danish", "value": "dan"},
          {"label": "Dutch", "value": "dut"},
          {"label": "Estonian", "value": "est"},
          {"label": "Finnish", "value": "fin"},
          {"label": "French", "value": "fre"},
          {"label": "German", "value": "ger"},
          {"label": "Greek", "value": "gre"},
          {"label": "Hungarian", "value": "hun"},
          {"label": "Irish", "value": "gle"},
          {"label": "Italian", "value": "ita"},
          {"label": "Latvian", "value": "lav"},
          {"label": "Lithuanian", "value": "lit"},
          {"label": "Maltese", "value": "mlt"},
          {"label": "Montenegro", "value": "cnr"},
          {"label": "Polish", "value": "pol"},
          {"label": "Portuguese", "value": "por"},
          {"label": "Romanian", "value": "rum"},
          {"label": "Slovak", "value": "slo"},
          {"label": "Slovenian", "value": "slv"},
          {"label": "Spanish", "value": "spa"},
          {"label": "Swedish", "value": "swe"},
          {"label": "Multiple", "value": "mul"},
          {"label": "Unknown", "value": "unk"}
      ]
    },
    {
      "field_name": "domain_area",
      "label": "Domain area",
      "preset": "tag_string_autocomplete",
      "form_placeholder": "eg. Mediterranean, Adriatic, Ionian, ",
      "display_snippet": "multiple_values.html",
      "help_text": "Geographical area covered or representative of the dataset. (Please start typing to search).",	
      "form_attrs": {
        "data-module": "autocomplete",
        "data-module-tags": "",
        "data-module-createtags": "false",
        "data-module-source": "/scheming/api/util/domain_area/autocomplete?incomplete=?",
        "class": ""
      }
    },
    {
      "field_name": "owner",
      "label": "Owner",
      "preset": "tag_string_autocomplete",
      "form_placeholder": "eg. Emodnet,  EEA",
      "help_text": "This is a list of one or more names (e.g. EMODnet, EEA, Eurostat) identifying the ownership of the resource."
    },
    {
      "field_name": "provider",
      "label": "Provider",
      "preset": "tag_string_autocomplete",
      "form_placeholder": "eg. Emodnet, EEA",
      "help_text": "This is a list of one or more names (e.g. EMODnet, EEA, Eurostat) identifying the provider of the resource. E. g. This could be the owner of the geo-portal or SDI through which the resource is available."
    },
    {
      "field_name": "data_portal",
      "label": "Data portal",
      "preset": "tag_string_autocomplete",
      "form_placeholder": "eg. ADRIPLAN, SHAPE, EMODNet Human activities",
      "help_text": "Portal where the dataset is published/downloadable/etc. (if any)."
    },
    {
      "field_name": "presentation_form",
      "label": "Presentation form",
      "help_text": "Select the value from the list which is closer to the type of structure and presentation form of the dataset.",
      "preset": "select",
      "choices": [
          {
              "value": "map",
              "label": "Map (map represented in raster or vector form)"
          },
          {
              "value": "image",
              "label": "Image"
          },
          {
              "value": "document",
              "label": "Document"
          },
          {
              "value": "table",
              "label": "Table"
          },
          {
              "value": "model",
              "label": "Model"
          },
          {
              "value": "profile",
              "label": "Profile"
          },
          {
              "value": "video",
              "label": "Video"
          },
          {
              "value": "audio",
              "label": "Audio"
          },
          {
              "value": "diagram",
              "label": "Diagram"
          },
          {
              "value": "multimedia",
              "label": "Multimedia"
          },
          {
              "value": "rawdata",
              "label": "Raw data"
          },
          {
              "value": "fixme",
              "label": "FIXME"
          }
      ]
    },
    {
      "field_name": "spatial_representation",
      "label": "Spatial representation",
      "preset": "select",
      "help_text": "In case of geospatial information, select the specific type of spatial representation from the list; if the dataset has no geospatial coomponent, select \"No geo\".",	
      "choices": [
          {
              "value": "vector_point",
              "label": "Vector - point"
          },
          {
              "value": "vector_line",
              "label": "Vector - line (or polyline)"
          },
          {
              "value": "vector_polygon",
              "label": "Vector - polygon"
          },
          {
              "value": "vector_mixed",
              "label": "Vector - mixed types"
          },
          {
              "value": "raster",
              "label": "Raster (grid)"
          },
          {
              "value": "nogeo",
              "label": "No geo"
          },
          {
              "value": "fixme",
              "label": "FIXME"
          }
      ]
    },
    {
      "field_name": "crs",
      "label": "Coordinate reference system",
      "preset": "multiple_checkbox",
      "choices": [
          {"value": "4326", "label": "epsg:4326 - WGS84 (degree)"},
          {"value": "3035", "label": "epsg:3035 - ETRS89 / LAEA Europe"},
          {"value": "32633", "label": "epsg:32633 - WGS 84 / UTM zone 33N"},
          {"value": "32634", "label": "epsg:32634 - WGS 84 / UTM zone 33N"},
          {"value": "32635", "label": "epsg:32635 - WGS 84 / UTM zone 33N"},
          {"value": "32636", "label": "epsg:32636 - WGS 84 / UTM zone 33N"},
          {"value": "3857", "label": "epsg:3857 WGS 84 / Pseudo-Mercator"},
          {"value": "4936", "label": "epsg:4936 ETRS89 Geocentric coordinate system"},
          {"value": "3003", "label": "epsg:3003 Monte Mario / Italy zone 1"},
          {"value": "3765", "label": "epsg:3765 HTRS96 / Croatia TM"},
          {"value": "3604", "label": "epsg:3604 NAD83(NSRS2007) / Montana"},
          {"value": "6404", "label": "epsg:6404 NAD83(2011) / Arizona Central"},
          {"value": "32662", "label": "epsg:32662 WGS 84 / Plate Carree"},
          {"value": "3034", "label": "epsg:3034 ETRS89 / LCC Europe"},
          {"value": "41001", "label": "epsg:41001 WGS84 / Simple Mercator -- Spherical Mercator "},
          {"value": "fixme", "label": "FIXME"},
          {"value": "other", "label": "Other"}
      ]
    },
    {
      "field_name": "crs_other",
      "label": " ",
      "help_text": "Identifier of the coordinate reference system(s) used in the data set. Only identifiers contained in the EPSG Geodetic Parameter Dataset shall be used (e.g. 4326). Refer to the following URLs for more info and to find the proper EPSG code: <a href=\"https://epsg.io/\" target=\"_blank\">epsg.io</a> or <a href=\"http://spatialreference.org/\" target=\"_blank\">spatialreference.org</a>.",
      "help_allow_html": true,
      "form_placeholder": "Other epsg codes. E.g. 4326, 3035"
    },
    {
      "field_name": "web_services",
      "label": "Web services",
      "preset": "multiple_checkbox",
      "choices": [
          {
              "value": "OGC_WMS",
              "label": "OGC-WMS"
          },
          {
              "value": "OGC_WFS",
              "label": "OGC-WFS"
          },
          {
              "value": "OGC_WCS",
              "label": "OGC-WCS"
          },
          {
              "value": "OGC_SOS",
              "label": "OGC-SOS"
          },
          {"value": "other", "label": "Other"}
      ]
    },
    {
      "field_name": "web_services_other",
      "label": " ",
      "help_text": "Available interoperable services to view or download the resource.",
      "form_placeholder": "Other download services."
    },
    {
      "field_name": "derives_from_string",
      "label": "Derives from",
      "preset": "tag_string_autocomplete",
      "help_text": "If this dataset derives (as a subset, elaboration, derived product, ...) from another dataset already present in the catalogue, select that dataset in this field.",
      "display_snippet": "multiple_datasets.html",
      "form_attrs": {
        "data-module": "autocomplete",
        "data-module-tags": "",
        "data-module-createtags": "false",
        "data-module-source": "/scheming/api/util/dataset/autocomplete?incomplete=?",
        "class": ""
      }
    },
    {
      "field_name": "derived",
      "label": "Derived datasets",
      "display_snippet": "multiple_datasets.html"
    },
    {
      "field_name": "child_of_string",
      "label": "Successor of",
      "preset": "tag_string_autocomplete",
      "help_text": "Select related datasets",
      "display_snippet": "multiple_datasets.html",
      "form_attrs": {
        "data-module": "autocomplete",
        "data-module-tags": "",
        "data-module-createtags": "false",
        "data-module-source": "/scheming/api/util/dataset/autocomplete?incomplete=?",
        "class": ""
      }
    },
    {
      "field_name": "children",
      "label": "Predecessor of",
      "display_snippet": "multiple_datasets.html"
    },
    {
      "field_name": "temporal_extent",
      "label": "Temporal extent",
      "preset": "date",
      "help_text": "Time period covered by the content of the dataset. Use this field to specify ad individual date or to specify the START date of a time period."
    },
    {
      "field_name": "temporal_extent_end",
      "label": " ",
      "preset": "date",
      "help_text": "Use this field in combination with the previous one to specify the END date of a time period."
    },
    {
      "field_name": "spatial_geojson",
      "label": "Spatial extent",
      "help_text": "GeoJSON feature"
    },
    {
      "field_name": "data_accessibility",
      "label": "Data accessibility",
      "form_snippet": "markdown.html",
      "form_placeholder": "A description of the level of resource accessibility.",
      "help_text": "Indicate whether and how the dataset is accessible (visible, downloadable, sent on request, not accessible, etc.) Add information to explain limitations and restrictions to access or use. Use this field alone or to supplement the 'Licence' field."
    },
    {
      "field_name": "license_id",
      "label": "License",
      "form_snippet": "license.html",
      "help_text": "If the dataset has an explicit license associated, select it form the list. If useful, use the filed \"Data accessibility\" to add/specify details regarding the license."
    },
    {
      "field_name": "validation_level",
      "label": "Validation level",
      "preset": "select",
      "help_text": "Select from the list a value describing the level of validation to which the dataset has been subjected.",
      "choices": [
          {
              "value": "draft",
              "label": "Draft"
          },
          {
              "value": "official",
              "label": "Official data"
          },
          {
              "value": "research",
              "label": "Research"
          },
          {
              "value": "business",
              "label": "Business"
          },
          {
              "value": "demo",
              "label": "Demo"
          },
          {
              "value": "vgi",
              "label": "Volunteered geographic information"
          }
      ]
    },
    {
      "field_name": "additional_informations",
      "label": "Additional information",
      "form_snippet": "markdown.html",
      "form_placeholder": "eg. Additional informations",
      "help_text": "Add here any information you consider useful to better describe the dataset or to integrate the information present in the abstract."
    },
    {
      "field_name": "pdm_testing_relevance",
      "label": "Relevance for testing",
      "preset": "multiple_checkbox",
      "form_snippet": null,
      "display_snippet": null,
      "choices": [
          {
              "value": "T2.2-ZPUIZ",
              "label": "T2.2-ZPUIZ"
          },
          {
              "value": "T2.3-RER",
              "label": "T2.3-RER"
          },
          {
              "value": "T2.4-W-GR",
              "label": "T2.4-W-GR"
          },
          {
              "value": "T2.5-Abruzzo",
              "label": "T2.5-Abruzzo"
          },
          {
              "value": "T2.6-SL",
              "label": "T2.6-SL"
          },
          {
              "value": "T2.7-Apulia",
              "label": "T2.7-Apulia"
          }
      ]
    },
    {
      "field_name": "pdm_modules_relevance",
      "label": "Relevance for modules",
      "preset": "multiple_checkbox",
      "form_snippet": null,
      "display_snippet": null,
      "choices": [
          {
              "value": "T1.6-MUSC",
              "label": "T1.6-MUSC"
          },
          {
              "value": "T1.7-CEA",
              "label": "T1.7-CEA"
          },
          {
              "value": "T1.8-AZA",
              "label": "T1.8-AZA"
          },
          {
              "value": "T1.9-PAD",
              "label": "T1.9-PAD"
          },
          {
              "value": "T1.10-Oil_Spill",
              "label": "T1.10-Oil Spill"
          },
          {
              "value": "T1.11-SSF",
              "label": "T1.11-SSF"
          },
          {
              "value": "T1.12-MSF",
              "label": "T1.12-MSF"
          }
      ]
    },
    {
      "field_name": "metadata_completeness",
      "label": "Metadata completeness",
      "preset": "select",
      "help_text": "Use this field to keep track of whether you feel the dataset has been described by all fields, to the best of your knowledge, or whether you have yet to complete some of them.",
      "choices": [
          {
              "value": "draft",
              "label": "Draft"
          },
          {
              "value": "complete",
              "label": "Complete"
          }
      ]
    },
    {
      "field_name": "autonotes",
      "label": "Notes",
      "form_snippet": "markdown.html",
      "form_placeholder": "eg. Notes",
      "help_text": "Use this field to note down doubts, points you are unsure of or annotations useful to other metadata editors. When the dataset has been fully described this field should be empty."
    },
    {
      "start_form_page": {
        "title": "MSP - Environment",
        "description": "Species, habitats, ecosystems, pressures"
      },
      "field_name": "environment-msfd-classes",
      "label": "MSFD Classes",
      "cluster": "environment",
      "preset": "multiple_checkbox",
      "choices": [
        {
          "value": "species-marine-birds",
          "label": "Species - Marine birds"
        },
        {
          "value": "species-mammals",
          "label": "Species - Mammals"
        },
        {
          "value": "species-cephalopods",
          "label": "Species - Cephalopods"
        },
        {
          "value": "species-reptiles",
          "label": "Species - Reptiles"
        },
        {
          "value": "species-fish",
          "label": "Species - Fish"
        },
        {
          "value": "habitats-water-column",
          "label": "Habitats - Water column"
        },
        {
          "value": "habitats-seabed",
          "label": "Habitats - Seabed"
        },
        {
          "value": "ecosystems-including-food-webs-biological-characteristics",
          "label": "Ecosystems, including food webs - Biological characteristics"
        },
        {
          "value": "ecosystems-including-food-webs-functions-and-processes",
          "label": "Ecosystems, including food webs - Functions and processes "
        },
        {
          "value": "pressure-biological-input-or-spread-of-non-indigenous-species",
          "label": "Pressure: Biological - Input or spread of non-indigenous species"
        },
        {
          "value": "pressure-biological-input-of-microbial-pathogens",
          "label": "Pressure: Biological - Input of microbial pathogens"
        },
        {
          "value": "pressure-biological-input-of-genetically-modified-species-and-translocation-of-native-species",
          "label": "Pressure: Biological - Input of genetically modified species and translocation of native species"
        },
        {
          "value": "pressure-biological-disturbance-of-species-due-to-human-presence",
          "label": "Pressure: Biological - Disturbance of species due to human presence"
        },
        {
          "value": "pressure-biological-extraction-of-or-mortality-injury-to-wild-species",
          "label": "Pressure: Biological - Extraction of, or mortality/injury to, wild species"
        },
        {
          "value": "pressure-physical-physical-disturbance-to-seabed",
          "label": "Pressure: Physical - Physical disturbance to seabed"
        },
        {
          "value": "pressure-physical-physical-loss",
          "label": "Pressure: Physical - Physical loss"
        },
        {
          "value": "pressure-physical-changes-to-hydrological-conditions",
          "label": "Pressure: Physical - Changes to hydrological conditions"
        },
        {
          "value": "pressure-substances-litter-and-energy-input-of-nutrients-diffuse-sources-point-sources-atmospheric-deposition",
          "label": "Pressure: Substances, litter and energy - Input of nutrients - diffuse sources, point sources, atmospheric deposition"
        },
        {
          "value": "pressure-substances-litter-and-energy-input-of-organic-matter-diffuse-sources-and-point-sources",
          "label": "Pressure: Substances, litter and energy - Input of organic matter - diffuse sources and point sources"
        },
        {
          "value": "pressure-substances-litter-and-energy-input-of-other-substances-diffuse-sources-point-sources-atmospheric-deposition-acute-events",
          "label": "Pressure: Substances, litter and energy - Input of other substances - diffuse sources, point sources, atmospheric deposition, acute events"
        },
        {
          "value": "pressure-substances-litter-and-energy-input-of-litter",
          "label": "Pressure: Substances, litter and energy - Input of litter"
        },
        {
          "value": "pressure-substances-litter-and-energy-input-of-anthropogenic-sound",
          "label": "Pressure: Substances, litter and energy - Input of anthropogenic sound"
        },
        {
          "value": "pressure-substances-litter-and-energy-input-of-other-forms-of-energy",
          "label": "Pressure: Substances, litter and energy - Input of other forms of energy "
        },
        {
          "value": "pressure-substances-litter-and-energy-input-of-water-point-sources",
          "label": "Pressure: Substances, litter and energy - Input of water - point sources"
        }
      ],
      "help_text": "Ecosystem elements, anthropogenic pressures based on the classification indicated in Annex III of the MSFD (as ammended by Directive EU 2017/845)",
      "help_position": "top",
      "help_allow_html": true
    },
    {
      "field_name": "environment-msfd-descriptors-criteria",
      "label": "MSFD Descriptors/Criteria",
      "cluster": "environment",
      "preset": "multiple_checkbox",
      "choices": [
        {
          "value": "d1-biodiversity-birds",
          "label": "D1 Biodiversity - birds"
        },
        {
          "value": "d1-biodiversity-mammals",
          "label": "D1 Biodiversity - mammals"
        },
        {
          "value": "d1-biodiversity-reptiles",
          "label": "D1 Biodiversity - reptiles"
        },
        {
          "value": "d1-biodiversity-fish",
          "label": "D1 Biodiversity - fish"
        },
        {
          "value": "d1-biodiversity-cephalopods",
          "label": "D1 Biodiversity - cephalopods"
        },
        {
          "value": "d1-biodiversity-pelagic-habitats",
          "label": "D1 Biodiversity - pelagic habitats"
        },
        {
          "value": "d2-non-indigenous-species",
          "label": "D2 Non-indigenous species"
        },
        {
          "value": "d3-commercial-fish-and-shellfish",
          "label": "D3 Commercial fish and shellfish"
        },
        {
          "value": "d4-food-webs-d1-biodiversity-ecosystems",
          "label": "D4 Food webs/D1 Biodiversity - ecosystems"
        },
        {
          "value": "d5-eutrophication",
          "label": "D5 Eutrophication"
        },
        {
          "value": "d6-sea-floor-integrity-d1-biodiversity-benthic-habitats",
          "label": "D6 Sea-floor integrity/D1 Biodiversity - benthic habitats"
        },
        {
          "value": "d7-hydrographical-changes",
          "label": "D7 Hydrographical changes"
        },
        {
          "value": "d8-contaminants",
          "label": "D8 Contaminants"
        },
        {
          "value": "d9-contaminants-in-seafood",
          "label": "D9 Contaminants in seafood"
        },
        {
          "value": "d10-marine-litter",
          "label": "D10 Marine litter"
        },
        {
          "value": "d11-energy-including-underwater-noise",
          "label": "D11 Energy, including underwater noise"
        },
        {
          "value": "d1c1-mortality-rate-from-incidental-by-catch",
          "label": "D1C1 Mortality rate from incidental by-catch"
        },
        {
          "value": "d1c2-population-abundance",
          "label": "D1C2 Population abundance"
        },
        {
          "value": "d1c3-population-demographic-characteristics",
          "label": "D1C3 Population demographic characteristics"
        },
        {
          "value": "d1c4-population-distributional-range-and-pattern",
          "label": "D1C4 Population distributional range and pattern"
        },
        {
          "value": "d1c5-habitat-for-the-species",
          "label": "D1C5 Habitat for the species"
        },
        {
          "value": "d1c6-pelagic-habitat-condition",
          "label": "D1C6 Pelagic habitat condition"
        },
        {
          "value": "d2c1-newly-introduced-nis",
          "label": "D2C1 Newly-introduced NIS"
        },
        {
          "value": "d2c2-established-nis",
          "label": "D2C2 Established NIS"
        },
        {
          "value": "d2c3-adverse-effects-of-nis",
          "label": "D2C3 Adverse effects of NIS"
        },
        {
          "value": "d3c1-fishing-mortality-rate-f",
          "label": "D3C1 Fishing mortality rate (F)"
        },
        {
          "value": "d3c2-spawning-stock-biomass-ssb",
          "label": "D3C2 Spawning stock biomass (SSB)"
        },
        {
          "value": "d3c3-population-age-size-distribution",
          "label": "D3C3 Population age/size distribution"
        },
        {
          "value": "d4c1-trophic-guild-species-diversity",
          "label": "D4C1 Trophic guild species diversity"
        },
        {
          "value": "d4c2-abundance-across-trophic-guilds",
          "label": "D4C2 Abundance across trophic guilds"
        },
        {
          "value": "d4c3-trophic-guild-size-distribution",
          "label": "D4C3 Trophic guild size distribution"
        },
        {
          "value": "d4c4-trophic-guild-productivity",
          "label": "D4C4 Trophic guild productivity"
        },
        {
          "value": "d5c1-nutrient-concentrations",
          "label": "D5C1 Nutrient concentrations"
        },
        {
          "value": "d5c2-chlorophyll-a-concentration",
          "label": "D5C2 Chlorophyll-a concentration"
        },
        {
          "value": "d5c3-harmful-algal-blooms",
          "label": "D5C3 Harmful algal blooms"
        },
        {
          "value": "d5c4-photic-limit",
          "label": "D5C4 Photic limit"
        },
        {
          "value": "d5c5-dissolved-oxygen-concentration",
          "label": "D5C5 Dissolved oxygen concentration"
        },
        {
          "value": "d5c6-opportunistic-macroalgae-of-benthic-habitats",
          "label": "D5C6 Opportunistic macroalgae of benthic habitats"
        },
        {
          "value": "d5c7-macrophyte-communities-of-benthic-habitats",
          "label": "D5C7 Macrophyte communities of benthic habitats"
        },
        {
          "value": "d5c8-macrofaunal-communities-of-benthic-habitats",
          "label": "D5C8 Macrofaunal communities of benthic habitats"
        },
        {
          "value": "d6c1-physical-loss-of-the-seabed",
          "label": "D6C1 Physical loss of the seabed"
        },
        {
          "value": "d6c2-physical-disturbance-to-the-seabed",
          "label": "D6C2 Physical disturbance to the seabed"
        },
        {
          "value": "d6c3-adverse-effects-from-physical-disturbance",
          "label": "D6C3 Adverse effects from physical disturbance"
        },
        {
          "value": "d6c4-benthic-habitat-extent",
          "label": "D6C4 Benthic habitat extent"
        },
        {
          "value": "d6c5-benthic-habitat-condition",
          "label": "D6C5 Benthic habitat condition"
        },
        {
          "value": "d7c1-permanent-alteration-of-hydrographical-conditions",
          "label": "D7C1 Permanent alteration of hydrographical conditions"
        },
        {
          "value": "d7c2-adverse-effects-from-permanent-alteration-of-hydrographical-conditions",
          "label": "D7C2 Adverse effects from permanent alteration of hydrographical conditions"
        },
        {
          "value": "d8c1-contaminant-in-environment",
          "label": "D8C1 Contaminant in environment"
        },
        {
          "value": "d8c2-adverse-effects-of-contaminants",
          "label": "D8C2 Adverse effects of contaminants"
        },
        {
          "value": "d8c3-significant-acute-pollution-events",
          "label": "D8C3 Significant acute pollution events"
        },
        {
          "value": "d8c4-adverse-effects-of-significant-acute-pollution-events",
          "label": "D8C4 Adverse effects of significant acute pollution events"
        },
        {
          "value": "d9c1-contaminants-in-seafood",
          "label": "D9C1 Contaminants in seafood"
        },
        {
          "value": "d10c1-litter-excluding-micro-litter",
          "label": "D10C1 Litter (excluding micro-litter)"
        },
        {
          "value": "d10c2-micro-litter",
          "label": "D10C2 Micro-litter"
        },
        {
          "value": "d10c3-litter-ingested",
          "label": "D10C3 Litter ingested"
        },
        {
          "value": "d10c4-adverse-effects-of-litter",
          "label": "D10C4 Adverse effects of litter"
        },
        {
          "value": "d11c1-anthropogenic-impulsive-sound",
          "label": "D11C1 Anthropogenic impulsive sound"
        },
        {
          "value": "d11c2-anthropogenic-continuous-low-frequency-sound",
          "label": "D11C2 Anthropogenic continuous low-frequency sound"
        }
      ],
      "help_text": "Select the associated MSFD descriptor(s) and when possible the associated MSFD criteria(s) as defined by Commission Decision (EU) 2017/848",
      "help_position": "top",
      "help_allow_html": true
    },
    {
      "field_name": "environment-non-msfd-classes",
      "label": "Non MSFD Classes",
      "cluster": "environment",
      "preset": "multiple_checkbox",
      "choices": [
        {
          "value": "species",
          "label": "Species"
        },
        {
          "value": "habitats",
          "label": "Habitats"
        },
        {
          "value": "geological-factors",
          "label": "Geological factors"
        },
        {
          "value": "pressures",
          "label": "Pressures"
        }
      ],
      "help_text": "Select these options if the data does not meet the MSFD descriptors or criteria (e.g. emerged coastal habitats, non-seabirds, etc.)",
      "help_position": "top",
      "help_allow_html": true
    },
    {
      "field_name": "environment-wfd",
      "label": "WFD",
      "cluster": "environment",
      "preset": "multiple_checkbox",
      "choices": [
        {
          "value": "ecological-status",
          "label": "Ecological status"
        },
        {
          "value": "chemical-status",
          "label": "Chemical status"
        }
      ],
      "help_text": "Select these options for data generated in relation to monitoring under the Water Framework Directive",
      "help_position": "top",
      "help_allow_html": true
    },
    {
      "start_form_page": {
        "title": "MSP - Oceanographic and CC",
        "description": "Physics, biochemistry, EOV, ECV"
      },
      "field_name": "oceanographic-variables",
      "label": "Variables",
      "cluster": "oceanographic-and-cc",
      "preset": "multiple_checkbox",
      "choices": [
        {
          "value": "physics-sea-state",
          "label": "Physics - Sea state"
        },
        {
          "value": "physics-ocean-surface-stress",
          "label": "Physics - Ocean surface stress"
        },
        {
          "value": "physics-bathymetry",
          "label": "Physics - Bathymetry"
        },
        {
          "value": "physics-sea-ice",
          "label": "Physics - Sea ice"
        },
        {
          "value": "physics-sea-surface-height",
          "label": "Physics - Sea surface height"
        },
        {
          "value": "physics-sea-surface-temperature",
          "label": "Physics - Sea surface temperature"
        },
        {
          "value": "physics-subsurface-temperature",
          "label": "Physics - Subsurface temperature"
        },
        {
          "value": "physics-surface-currents",
          "label": "Physics - Surface currents"
        },
        {
          "value": "physics-subsurface-currents",
          "label": "Physics - Subsurface currents"
        },
        {
          "value": "physics-sea-surface-salinity",
          "label": "Physics - Sea surface salinity"
        },
        {
          "value": "physics-subsurface-salinity",
          "label": "Physics - Subsurface salinity"
        },
        {
          "value": "physics-ocean-surface-heat-flux",
          "label": "Physics - Ocean surface heat flux"
        },
        {
          "value": "physics-waves",
          "label": "Physics - Waves"
        },
        {
          "value": "biochemistry-oxygen",
          "label": "Biochemistry - Oxygen"
        },
        {
          "value": "biochemistry-nutrients",
          "label": "Biochemistry - Nutrients"
        },
        {
          "value": "biochemistry-inorganic-carbon",
          "label": "Biochemistry - Inorganic carbon"
        },
        {
          "value": "biochemistry-transient-tracers",
          "label": "Biochemistry - Transient tracers"
        },
        {
          "value": "biochemistry-particulate-matter",
          "label": "Biochemistry - Particulate matter"
        },
        {
          "value": "biochemistry-ammonium",
          "label": "Biochemistry - Ammonium"
        },
        {
          "value": "biochemistry-nitrate",
          "label": "Biochemistry - Nitrate"
        },
        {
          "value": "biochemistry-stable-carbon-isotopes",
          "label": "Biochemistry - Stable carbon isotopes"
        },
        {
          "value": "biochemistry-chlorophyll-a",
          "label": "Biochemistry - Chlorophyll-a"
        }
      ]
    },
    {
      "start_form_page": {
        "title": "MSP - Conservation",
        "description": "Protected areas, OECM, IBA, EBSA, CCH, IMMA, ..."
      },
      "field_name": "conservation-types",
      "label": "Types",
      "cluster": "conservation",
      "preset": "multiple_checkbox",
      "choices": [
        {
          "value": "internationally-designated-protected-areas-marine-and-coastal",
          "label": "Internationally designated  Protected Areas (marine and coastal)"
        },
        {
          "value": "regionally-designated-protected-areas-marine-and-coastal",
          "label": "Regionally designated Protected Areas (marine and coastal)"
        },
        {
          "value": "nationally-designated-protected-areas-marine-and-coastal",
          "label": "Nationally designated Protected Areas (marine and coastal)"
        },
        {
          "value": "potential-other-effective-area-based-conservation-measures-oecms",
          "label": "Potential Other Effective area-based Conservation Measures (OECMs)"
        },
        {
          "value": "recognised-areas-of-protection-conservation-value",
          "label": "Recognised areas of protection/conservation value"
        }
      ],
      "help_text": "Regionally' refers to a specific geographical area or a limited part of the world (e.g. the Mediterranean Region')",
      "help_position": "top",
      "help_allow_html": true
    },
    {
      "field_name": "conservation-zonation",
      "label": "Zonation",
      "cluster": "conservation",
      "preset": "radio",
      "choices": [
        {
          "value": "yes",
          "label": "Yes"
        },
        {
          "value": "no",
          "label": "No"
        }
      ],
      "help_text": "Specify whether the dataset encompasses zoning information related to protected areas",
      "help_position": "top",
      "help_allow_html": true
    },
    {
      "start_form_page": {
        "title": "MSP - Maritime activities",
        "description": "Aquaculture, fishing, transport, energy, ..."
      },
      "field_name": "maritime-activities",
      "label": "Activity types",
      "cluster": "maritime-activities",
      "preset": "multiple_checkbox",
      "choices": [
        {
          "value": "aquaculture-finfish",
          "label": "Aquaculture - Finfish"
        },
        {
          "value": "aquaculture-shellfish",
          "label": "Aquaculture - Shellfish"
        },
        {
          "value": "mining-and-quarrying-oil-gas",
          "label": "Mining and quarrying - Oil & Gas"
        },
        {
          "value": "mining-and-quarrying-dredging",
          "label": "Mining and quarrying - Dredging"
        },
        {
          "value": "mining-and-quarrying-dumping",
          "label": "Mining and quarrying - Dumping"
        },
        {
          "value": "professional-fishing",
          "label": "Professional fishing"
        },
        {
          "value": "recreational-fishing",
          "label": "Recreational fishing"
        },
        {
          "value": "energy-production-renewable-energy",
          "label": "Energy production - Renewable energy"
        },
        {
          "value": "other-industries-desalination",
          "label": "Other industries - Desalination"
        },
        {
          "value": "cultural-entertainment-and-recreational-services-nautical-sports",
          "label": "Cultural entertainment and recreational services - Nautical sports"
        },
        {
          "value": "cultural-entertainment-and-recreational-services-beaches",
          "label": "Cultural entertainment and recreational services - Beaches"
        },
        {
          "value": "cultural-entertainment-and-recreational-services-coastal-tourism",
          "label": "Cultural entertainment and recreational services - Coastal tourism"
        },
        {
          "value": "cultural-entertainment-and-recreational-services-underwater-cultural-heritage",
          "label": "Cultural entertainment and recreational services - Underwater cultural heritage"
        },
        {
          "value": "transport-harbours",
          "label": "Transport - Harbours"
        },
        {
          "value": "transport-anchorage-area",
          "label": "Transport - Anchorage area"
        },
        {
          "value": "transport-maritime-traffic",
          "label": "Transport - Maritime traffic"
        },
        {
          "value": "transport-transport-trends",
          "label": "Transport - Transport trends"
        },
        {
          "value": "logistic-and-storage-services-offshore-supply",
          "label": "Logistic and storage services - Offshore supply"
        },
        {
          "value": "utilities-electricity-gas-and-thermal-power-distribution-services",
          "label": "Utilities - Electricity gas and thermal power distribution services"
        },
        {
          "value": "utilities-waste-treatment",
          "label": "Utilities - Waste treatment"
        },
        {
          "value": "utilities-water-and-sewage-infrastructure",
          "label": "Utilities - Water and sewage infrastructure"
        },
        {
          "value": "utilities-submarine-outfall",
          "label": "Utilities - Submarine outfall"
        },
        {
          "value": "utilities-submarine-cables",
          "label": "Utilities - Submarine cables"
        },
        {
          "value": "coastal-infrastructures-coastal-defence-works",
          "label": "Coastal infrastructures - Coastal defence works"
        },
        {
          "value": "protected-areas",
          "label": "Protected areas"
        },
        {
          "value": "military-areas",
          "label": "Military areas"
        }
      ]
    },
    {
      "start_form_page": {
        "title": "MSP - Coastal & Land use and planning",
        "description": "Land use, land cover, planning (strategic, coordination, operational)"
      },
      "field_name": "coastal-land-use-and-planning",
      "label": "Types",
      "cluster": "coastal-land-use-and-planning",
      "preset": "multiple_checkbox",
      "choices": [
        {
          "value": "land-use-land-cover-soil-sealing-area",
          "label": "Land use / Land cover - Soil sealing-area"
        },
        {
          "value": "land-use-land-cover-soil-sealing-trend",
          "label": "Land use / Land cover - Soil sealing-trend"
        },
        {
          "value": "land-use-land-cover-land-cover-corine-land-cover",
          "label": "Land use / Land cover - Land cover - Corine Land Cover"
        },
        {
          "value": "land-use-land-cover-land-cover-high-resolution-layer",
          "label": "Land use / Land cover - Land cover - High Resolution Layer"
        },
        {
          "value": "land-use-land-cover-land-cover-coast-characteristics",
          "label": "Land use / Land cover - Land cover - Coast characteristics"
        },
        {
          "value": "land-use-land-cover-lc-lu-coastal-zone-hotspot-thematic-mapping",
          "label": "Land use / Land cover - LC/LU-Coastal Zone hotspot thematic mapping"
        },
        {
          "value": "land-use-land-cover-coastline",
          "label": "Land use / Land cover - Coastline"
        },
        {
          "value": "planning-strategic-national-eu-regulated",
          "label": "Planning - Strategic - National (EU regulated)"
        },
        {
          "value": "planning-strategic-national-others",
          "label": "Planning - Strategic - National (others)"
        },
        {
          "value": "planning-strategic-subnational",
          "label": "Planning - Strategic - Subnational"
        },
        {
          "value": "planning-strategic-local",
          "label": "Planning - Strategic - Local"
        },
        {
          "value": "planning-coordination-sub-national",
          "label": "Planning - Coordination - Sub-national"
        },
        {
          "value": "planning-operational-sub-national",
          "label": "Planning - Operational-Sub-National"
        },
        {
          "value": "planning-operational-local",
          "label": "Planning - Operational-Local"
        },
        {
          "value": "coastline-geomorphology",
          "label": "Coastline - Geomorphology"
        },
        {
          "value": "coastline-trends",
          "label": "Coastline - Trends"
        }
      ]
    },
    {
      "start_form_page": {
        "title": "MSP - Socio-economic",
        "description": "Living and non-living resources, shipping, tourism, energy, ..."
      },
      "field_name": "socio-economic-activities",
      "label": "Activity types",
      "cluster": "socio-economic",
      "preset": "multiple_checkbox",
      "choices": [
        {
          "value": "fisheries-and-aquaculture-marine-fishing-a0311",
          "label": "Fisheries and Aquaculture - Marine fishing - A0311"
        },
        {
          "value": "fisheries-and-aquaculture-marine-aquaculture-a0321",
          "label": "Fisheries and Aquaculture - Marine aquaculture - A0321"
        },
        {
          "value": "fisheries-and-aquaculture-wholesale-of-other-food-including-fish-crustaceans-and-molluscs-g4638",
          "label": "Fisheries and Aquaculture - Wholesale of other food, including fish, crustaceans and molluscs - G4638"
        },
        {
          "value": "fisheries-and-aquaculture-processing-and-preserving-of-fish-crustaceans-and-molluscs-c1020",
          "label": "Fisheries and Aquaculture - Processing and preserving of fish, crustaceans and molluscs - C1020"
        },
        {
          "value": "extraction-of-oil-and-gas-extraction-of-crude-petroleum-b0610",
          "label": "Extraction of oil and gas - Extraction of crude petroleum - B0610"
        },
        {
          "value": "extraction-of-oil-and-gas-extraction-of-natural-gas-b0620",
          "label": "Extraction of oil and gas - Extraction of natural gas - B0620"
        },
        {
          "value": "extraction-of-oil-and-gas-support-activities-for-petroleum-and-natural-gas-extraction-b0910",
          "label": "Extraction of oil and gas - Support activities for petroleum and natural gas extraction - B0910"
        },
        {
          "value": "extraction-of-aggregates-quarrying-of-ornamental-and-building-stone-limestone-gypsum-chalk-and-slate-b0811",
          "label": "Extraction of aggregates - Quarrying of ornamental and building stone, limestone, gypsum, chalk and slate - B0811"
        },
        {
          "value": "extraction-of-aggregates-operation-of-gravel-and-sand-pits-mining-of-clays-and-kaolin-b0812",
          "label": "Extraction of aggregates - Operation of gravel and sand pits; mining of clays and kaolin - B0812"
        },
        {
          "value": "extraction-of-aggregates-other-mining-and-quarrying-b0899",
          "label": "Extraction of aggregates - Other mining and quarrying - B0899"
        },
        {
          "value": "seabed-mining-mining-of-iron-ores-b0710",
          "label": "Seabed mining - Mining of iron ores - B0710"
        },
        {
          "value": "seabed-mining-mining-of-uranium-and-thorium-ores-b0721",
          "label": "Seabed mining - Mining of uranium and thorium ores - B0721"
        },
        {
          "value": "seabed-mining-mining-of-other-non-ferrous-metal-ores-b0729",
          "label": "Seabed mining - Mining of other non-ferrous metal ores - B0729"
        },
        {
          "value": "seabed-mining-support-services-to-other-mining-and-quarrying-b0990",
          "label": "Seabed mining - Support services to other mining and quarrying - B0990"
        },
        {
          "value": "maritime-transport-sea-and-coastal-passenger-water-transport-h5010",
          "label": "Maritime Transport - Sea and coastal passenger water transport - H5010"
        },
        {
          "value": "maritime-transport-sea-and-coastal-freight-water-transport-h5020",
          "label": "Maritime Transport - Sea and coastal freight water transport - H5020"
        },
        {
          "value": "maritime-transport-other-transportation-support-activities-h5229",
          "label": "Maritime Transport - Other transportation support activities - H5229"
        },
        {
          "value": "maritime-transport-rental-and-leasing-services-of-water-transport-equipment-n7734",
          "label": "Maritime Transport - Rental and leasing services of water transport equipment - N7734"
        },
        {
          "value": "ports-warehousing-and-storage-services-h5210",
          "label": "Ports - Warehousing and storage services - H5210"
        },
        {
          "value": "ports-service-activities-incidental-to-water-transportation-h5222",
          "label": "Ports - Service activities incidental to water transportation - H5222"
        },
        {
          "value": "coastal-tourism-land-transport-h49",
          "label": "Coastal Tourism - Land transport - H49"
        },
        {
          "value": "coastal-tourism-water-transport-h50",
          "label": "Coastal Tourism - Water transport - H50"
        },
        {
          "value": "coastal-tourism-air-transport-h51",
          "label": "Coastal Tourism - Air transport - H51"
        },
        {
          "value": "coastal-tourism-accommodation-i55",
          "label": "Coastal Tourism - Accommodation - I55"
        },
        {
          "value": "coastal-tourism-food-and-beverage-service-activities-i56",
          "label": "Coastal Tourism - Food and beverage service activities - I56"
        },
        {
          "value": "coastal-tourism-renting-and-leasing-of-motor-vehicles-recreational-and-sports-gods-n77",
          "label": "Coastal Tourism - Renting and leasing of motor vehicles, recreational and sports gods - N77"
        },
        {
          "value": "coastal-tourism-travel-agency-tour-operator-reservation-service-and-related-activities-n79",
          "label": "Coastal Tourism - Travel agency, tour operator reservation service and related activities - N79"
        },
        {
          "value": "coastal-tourism-culture-and-entertainment-r90-92",
          "label": "Coastal Tourism - Culture and entertainment - R90-92"
        },
        {
          "value": "energy-production-of-electricity-d3511",
          "label": "Energy - Production of electricity - D3511"
        },
        {
          "value": "military-defence-activities-o8422",
          "label": "Military - Defence activities - O8422"
        },
        {
          "value": "construction-construction-of-water-project-f4291",
          "label": "Construction - Construction of water project - F4291"
        }
      ]
    },
    {
      "field_name": "socio-economic-values",
      "label": "Value types",
      "cluster": "socio-economic",
      "preset": "multiple_checkbox",
      "choices": [
        {
          "value": "economic",
          "label": "Economic"
        },
        {
          "value": "social",
          "label": "Social"
        }
      ]
    },
    {
      "field_name": "socio-economic-demography",
      "label": "Categories",
      "cluster": "socio-economic",
      "preset": "multiple_checkbox",
      "choices": [
        {
          "value": "population-growth",
          "label": "Population growth"
        },
        {
          "value": "population-density",
          "label": "Population density"
        },
        {
          "value": "unemployment-in-coastal-areas",
          "label": "Unemployment in coastal areas"
        },
        {
          "value": "employment-rate",
          "label": "Employment rate"
        },
        {
          "value": "income-distribution",
          "label": "Income distribution"
        },
        {
          "value": "migration-patterns",
          "label": "Migration patterns"
        }
      ]
    },
    {
      "start_form_page": {
        "title": "MSP - Ecosystem Services",
        "description": "Provisioning, regulation & maintenance, cultural"
      },
      "field_name": "ecosystem-services",
      "label": "CICES classes",
      "cluster": "ecosystem-services",
      "preset": "multiple_checkbox",
      "choices": [
        {
          "value": "provisioning-biotic-1-1-1-2-fibres-and-other-materials-from-cultivated-plants-fungi-algae-and-bacteria-for-direct-use-or-processing-excluding-genetic-materials",
          "label": "Provisioning (Biotic) - 1.1.1.2 Fibres and other materials from cultivated plants, fungi, algae and bacteria for direct use or processing (excluding genetic materials)"
        },
        {
          "value": "provisioning-biotic-1-1-1-3-cultivated-plants-including-fungi-algae-grown-as-a-source-of-energy",
          "label": "Provisioning (Biotic) - 1.1.1.3 Cultivated plants (including fungi, algae) grown as a source of energy"
        },
        {
          "value": "provisioning-biotic-1-1-2-1-plants-cultivated-by-in-situ-aquaculture-grown-for-nutritional-purposes",
          "label": "Provisioning (Biotic) - 1.1.2.1 Plants cultivated by in- situ aquaculture grown for nutritional purposes"
        },
        {
          "value": "provisioning-biotic-1-1-2-2-fibres-and-other-materials-from-in-situ-aquaculture-for-direct-use-or-processing-excluding-genetic-materials",
          "label": "Provisioning (Biotic) - 1.1.2.2 Fibres and other materials from in-situ aquaculture for direct use or processing (excluding genetic materials)"
        },
        {
          "value": "provisioning-biotic-1-1-2-3-plants-cultivated-by-in-situ-aquaculture-grown-as-an-energy-source",
          "label": "Provisioning (Biotic) - 1.1.2.3 Plants cultivated by in- situ aquaculture grown as an energy source"
        },
        {
          "value": "provisioning-biotic-1-1-3-1-animals-reared-for-nutritional-purposes",
          "label": "Provisioning (Biotic) - 1.1.3.1 Animals reared for nutritional purposes"
        },
        {
          "value": "provisioning-biotic-1-1-3-2-fibres-and-other-materials-from-reared-animals-for-direct-use-or-processing-excluding-genetic-materials",
          "label": "Provisioning (Biotic) - 1.1.3.2 Fibres and other materials from reared animals for direct use or processing (excluding genetic materials)"
        },
        {
          "value": "provisioning-biotic-1-1-3-3-animals-reared-to-provide-energy-including-mechanical",
          "label": "Provisioning (Biotic) - 1.1.3.3 Animals reared to provide energy (including mechanical)"
        },
        {
          "value": "provisioning-biotic-1-1-4-1-animals-reared-by-in-situ-aquaculture-for-nutritional-purposes",
          "label": "Provisioning (Biotic) - 1.1.4.1 Animals reared by in-situ aquaculture for nutritional purposes"
        },
        {
          "value": "provisioning-biotic-1-1-4-2-fibres-and-other-materials-from-animals-grown-by-in-situ-aquaculture-for-direct-use-or-processing-excluding-genetic-materials",
          "label": "Provisioning (Biotic) - 1.1.4.2 Fibres and other materials from animals grown by in-situ aquaculture for direct use or processing (excluding genetic materials)"
        },
        {
          "value": "provisioning-biotic-1-1-4-3-animals-reared-by-in-situ-aquaculture-as-an-energy-source",
          "label": "Provisioning (Biotic) - 1.1.4.3 Animals reared by in-situ aquaculture as an energy source"
        },
        {
          "value": "provisioning-biotic-1-1-5-1-wild-plants-terrestrial-and-aquatic-including-fungi-algae-used-for-nutrition",
          "label": "Provisioning (Biotic) - 1.1.5.1 Wild plants (terrestrial and aquatic, including fungi, algae) used for nutrition"
        },
        {
          "value": "provisioning-biotic-1-1-5-2-fibres-and-other-materials-from-wild-plants-for-direct-use-or-processing-excluding-genetic-materials",
          "label": "Provisioning (Biotic) - 1.1.5.2 Fibres and other materials from wild plants for direct use or processing (excluding genetic materials)"
        },
        {
          "value": "provisioning-biotic-1-1-5-3-wild-plants-terrestrial-and-aquatic-including-fungi-algae-used-as-a-source-of-energy",
          "label": "Provisioning (Biotic) - 1.1.5.3 Wild plants (terrestrial and aquatic, including fungi, algae) used as a source of energy"
        },
        {
          "value": "provisioning-biotic-1-1-6-1-wild-animals-terrestrial-and-aquatic-used-for-nutritional-purposes",
          "label": "Provisioning (Biotic) - 1.1.6.1 Wild animals (terrestrial and aquatic) used for nutritional purposes"
        },
        {
          "value": "provisioning-biotic-1-1-6-2-fibres-and-other-materials-from-wild-animals-for-direct-use-or-processing-excluding-genetic-materials",
          "label": "Provisioning (Biotic) - 1.1.6.2 Fibres and other materials from wild animals for direct use or processing (excluding genetic materials)"
        },
        {
          "value": "provisioning-biotic-1-1-6-3-wild-animals-terrestrial-and-aquatic-used-as-a-source-of-energy",
          "label": "Provisioning (Biotic) - 1.1.6.3 Wild animals (terrestrial and aquatic) used as a source of energy"
        },
        {
          "value": "provisioning-biotic-1-2-1-1-seeds-spores-and-other-plant-materials-collected-for-maintaining-or-establishing-a-population",
          "label": "Provisioning (Biotic) - 1.2.1.1 Seeds, spores and other plant materials collected for maintaining or establishing a population"
        },
        {
          "value": "provisioning-biotic-1-2-1-2-higher-and-lower-plants-whole-organisms-used-to-breed-new-strains-or-varieties",
          "label": "Provisioning (Biotic) - 1.2.1.2 Higher and lower plants (whole organisms) used to breed new strains or varieties"
        },
        {
          "value": "provisioning-biotic-1-2-1-3-individual-genes-extracted-from-higher-and-lower-plants-for-the-design-and-construction-of-new-biological-entities",
          "label": "Provisioning (Biotic) - 1.2.1.3 Individual genes extracted from higher and lower plants for the design and construction of new biological entities"
        },
        {
          "value": "provisioning-biotic-1-2-2-1-animal-material-collected-for-the-purposes-of-maintaining-or-establishing-a-population",
          "label": "Provisioning (Biotic) - 1.2.2.1 Animal material collected for the purposes of maintaining or establishing a population"
        },
        {
          "value": "provisioning-biotic-1-2-2-2-wild-animals-whole-organisms-used-to-breed-new-strains-or-varieties",
          "label": "Provisioning (Biotic) - 1.2.2.2 Wild animals (whole organisms) used to breed new strains or varieties"
        },
        {
          "value": "provisioning-biotic-1-2-2-3-individual-genes-extracted-from-organisms-for-the-design-and-construction-of-new-biological-entities",
          "label": "Provisioning (Biotic) - 1.2.2.3 Individual genes extracted from organisms for the design and construction of new biological entities"
        },
        {
          "value": "provisioning-biotic-1-3-x-x-other",
          "label": "Provisioning (Biotic) - 1.3.X.X Other"
        },
        {
          "value": "regulation-maintenance-biotic-2-1-1-1-bio-remediation-by-micro-organisms-algae-plants-and-animals",
          "label": "Regulation & Maintenance (Biotic) - 2.1.1.1 Bio-remediation by micro-organisms, algae, plants, and animals"
        },
        {
          "value": "regulation-maintenance-biotic-2-1-1-2-filtration-sequestration-storage-accumulation-by-micro-organisms-algae-plants-and-animals",
          "label": "Regulation & Maintenance (Biotic) - 2.1.1.2 Filtration/sequestration/storage/accumulation by micro-organisms, algae, plants, and animals"
        },
        {
          "value": "regulation-maintenance-biotic-2-1-2-1-smell-reduction",
          "label": "Regulation & Maintenance (Biotic) - 2.1.2.1 Smell reduction"
        },
        {
          "value": "regulation-maintenance-biotic-2-1-2-2-noise-attenuation",
          "label": "Regulation & Maintenance (Biotic) - 2.1.2.2 Noise attenuation"
        },
        {
          "value": "regulation-maintenance-biotic-2-1-2-3-visual-screening",
          "label": "Regulation & Maintenance (Biotic) - 2.1.2.3 Visual screening"
        },
        {
          "value": "regulation-maintenance-biotic-2-2-1-1-control-of-erosion-rates",
          "label": "Regulation & Maintenance (Biotic) - 2.2.1.1 Control of erosion rates"
        },
        {
          "value": "regulation-maintenance-biotic-2-2-1-2-buffering-and-attenuation-of-mass-movement",
          "label": "Regulation & Maintenance (Biotic) - 2.2.1.2 Buffering and attenuation of mass movement"
        },
        {
          "value": "regulation-maintenance-biotic-2-2-1-3-hydrological-cycle-and-water-flow-regulation-including-flood-control-and-coastal-protection",
          "label": "Regulation & Maintenance (Biotic) - 2.2.1.3 Hydrological cycle and water flow regulation (Including flood control, and coastal protection)"
        },
        {
          "value": "regulation-maintenance-biotic-2-2-1-4-wind-protection",
          "label": "Regulation & Maintenance (Biotic) - 2.2.1.4 Wind protection"
        },
        {
          "value": "regulation-maintenance-biotic-2-2-1-5-fire-protection",
          "label": "Regulation & Maintenance (Biotic) - 2.2.1.5 Fire protection"
        },
        {
          "value": "regulation-maintenance-biotic-2-2-2-1-pollination-or-gamete-dispersal-in-a-marine-context",
          "label": "Regulation & Maintenance (Biotic) - 2.2.2.1 Pollination (or 'gamete' dispersal in a marine context)"
        },
        {
          "value": "regulation-maintenance-biotic-2-2-2-2-seed-dispersal",
          "label": "Regulation & Maintenance (Biotic) - 2.2.2.2 Seed dispersal"
        },
        {
          "value": "regulation-maintenance-biotic-2-2-2-3-maintaining-nursery-populations-and-habitats-including-gene-pool-protection",
          "label": "Regulation & Maintenance (Biotic) - 2.2.2.3 Maintaining nursery populations and habitats (Including gene pool protection)"
        },
        {
          "value": "regulation-maintenance-biotic-2-2-3-1-pest-control-including-invasive-species",
          "label": "Regulation & Maintenance (Biotic) - 2.2.3.1 Pest control (including invasive species)"
        },
        {
          "value": "regulation-maintenance-biotic-2-2-3-2-disease-control",
          "label": "Regulation & Maintenance (Biotic) - 2.2.3.2 Disease control"
        },
        {
          "value": "regulation-maintenance-biotic-2-2-4-1-weathering-processes-and-their-effect-on-soil-quality",
          "label": "Regulation & Maintenance (Biotic) - 2.2.4.1 Weathering processes and their effect on soil quality"
        },
        {
          "value": "regulation-maintenance-biotic-2-2-4-2-decomposition-and-fixing-processes-and-their-effect-on-soil-quality",
          "label": "Regulation & Maintenance (Biotic) - 2.2.4.2 Decomposition and fixing processes and their effect on soil quality"
        },
        {
          "value": "regulation-maintenance-biotic-2-2-5-1-regulation-of-the-chemical-condition-of-freshwaters-by-living-processes",
          "label": "Regulation & Maintenance (Biotic) - 2.2.5.1 Regulation of the chemical condition of freshwaters by living processes"
        },
        {
          "value": "regulation-maintenance-biotic-2-2-5-2-regulation-of-the-chemical-condition-of-salt-waters-by-living-processes",
          "label": "Regulation & Maintenance (Biotic) - 2.2.5.2 Regulation of the chemical condition of salt waters by living processes"
        },
        {
          "value": "regulation-maintenance-biotic-2-2-6-1-regulation-of-chemical-composition-of-atmosphere-and-oceans",
          "label": "Regulation & Maintenance (Biotic) - 2.2.6.1 Regulation of chemical composition of atmosphere and oceans"
        },
        {
          "value": "regulation-maintenance-biotic-2-2-6-2-regulation-of-temperature-and-humidity-including-ventilation-and-transpiration",
          "label": "Regulation & Maintenance (Biotic) - 2.2.6.2 Regulation of temperature and humidity, including ventilation and transpiration"
        },
        {
          "value": "regulation-maintenance-biotic-2-3-x-x-other",
          "label": "Regulation & Maintenance (Biotic) - 2.3.X.X Other"
        },
        {
          "value": "cultural-biotic-3-1-1-1-characteristics-of-living-systems-that-that-enable-activities-promoting-health-recuperation-or-enjoyment-through-active-or-immersive-interactions",
          "label": "Cultural (Biotic) - 3.1.1.1 Characteristics of living systems that that enable activities promoting health, recuperation or enjoyment through active or immersive interactions"
        },
        {
          "value": "cultural-biotic-3-1-1-2-characteristics-of-living-systems-that-enable-activities-promoting-health-recuperation-or-enjoyment-through-passive-or-observational-interactions",
          "label": "Cultural (Biotic) - 3.1.1.2 Characteristics of living systems that enable activities promoting health, recuperation or enjoyment through passive or observational interactions"
        },
        {
          "value": "cultural-biotic-3-1-2-1-characteristics-of-living-systems-that-enable-scientific-investigation-or-the-creation-of-traditional-ecological-knowledge",
          "label": "Cultural (Biotic) - 3.1.2.1 Characteristics of living systems that enable scientific investigation or the creation of traditional ecological knowledge"
        },
        {
          "value": "cultural-biotic-3-1-2-2-characteristics-of-living-systems-that-enable-education-and-training",
          "label": "Cultural (Biotic) - 3.1.2.2 Characteristics of living systems that enable education and training"
        },
        {
          "value": "cultural-biotic-3-1-2-3-characteristics-of-living-systems-that-are-resonant-in-terms-of-culture-or-heritage",
          "label": "Cultural (Biotic) - 3.1.2.3 Characteristics of living systems that are resonant in terms of culture or heritage"
        },
        {
          "value": "cultural-biotic-3-1-2-4-characteristics-of-living-systems-that-enable-aesthetic-experiences",
          "label": "Cultural (Biotic) - 3.1.2.4 Characteristics of living systems that enable aesthetic experiences"
        },
        {
          "value": "cultural-biotic-3-2-1-1-elements-of-living-systems-that-have-symbolic-meaning",
          "label": "Cultural (Biotic) - 3.2.1.1 Elements of living systems that have symbolic meaning"
        },
        {
          "value": "cultural-biotic-3-2-1-2-elements-of-living-systems-that-have-sacred-or-religious-meaning",
          "label": "Cultural (Biotic) - 3.2.1.2 Elements of living systems that have sacred or religious meaning"
        },
        {
          "value": "cultural-biotic-3-2-1-3-elements-of-living-systems-used-for-entertainment-or-representation",
          "label": "Cultural (Biotic) - 3.2.1.3 Elements of living systems used for entertainment or representation"
        },
        {
          "value": "cultural-biotic-3-2-2-1-characteristics-or-features-of-living-systems-that-have-an-existence-value",
          "label": "Cultural (Biotic) - 3.2.2.1 Characteristics or features of living systems that have an existence value"
        },
        {
          "value": "cultural-biotic-3-2-2-2-characteristics-or-features-of-living-systems-that-have-an-option-or-bequest-value",
          "label": "Cultural (Biotic) - 3.2.2.2 Characteristics or features of living systems that have an option or bequest value"
        },
        {
          "value": "cultural-biotic-3-3-x-x-other",
          "label": "Cultural (Biotic) - 3.3.X.X Other"
        },
        {
          "value": "provisioning-abiotic-4-2-1-1-surface-water-for-drinking",
          "label": "Provisioning (Abiotic) - 4.2.1.1 Surface water for drinking"
        },
        {
          "value": "provisioning-abiotic-4-2-1-2-surface-water-used-as-a-material-non-drinking-purposes",
          "label": "Provisioning (Abiotic) - 4.2.1.2 Surface water used as a material (non-drinking purposes)"
        },
        {
          "value": "provisioning-abiotic-4-2-1-3-freshwater-surface-water-used-as-an-energy-source",
          "label": "Provisioning (Abiotic) - 4.2.1.3 Freshwater surface water used as an energy source"
        },
        {
          "value": "provisioning-abiotic-4-2-1-4-coastal-and-marine-water-used-as-energy-source",
          "label": "Provisioning (Abiotic) - 4.2.1.4 Coastal and marine water used as energy source"
        },
        {
          "value": "provisioning-abiotic-4-2-2-1-ground-and-subsurface-water-for-drinking",
          "label": "Provisioning (Abiotic) - 4.2.2.1 Ground (and subsurface) water for drinking"
        },
        {
          "value": "provisioning-abiotic-4-2-2-2-ground-water-and-subsurface-used-as-a-material-non-drinking-purposes",
          "label": "Provisioning (Abiotic) - 4.2.2.2 Ground water (and subsurface) used as a material (non-drinking purposes)"
        },
        {
          "value": "provisioning-abiotic-4-2-2-3-ground-water-and-subsurface-used-as-an-energy-source",
          "label": "Provisioning (Abiotic) - 4.2.2.3 Ground water (and subsurface) used as an energy source"
        },
        {
          "value": "provisioning-abiotic-4-2-x-x-other",
          "label": "Provisioning (Abiotic) - 4.2.X.X Other"
        },
        {
          "value": "provisioning-abiotic-4-3-1-1-mineral-substances-used-for-nutritional-purposes",
          "label": "Provisioning (Abiotic) - 4.3.1.1 Mineral substances used for nutritional purposes"
        },
        {
          "value": "provisioning-abiotic-4-3-1-2-mineral-substances-used-for-material-purposes",
          "label": "Provisioning (Abiotic) - 4.3.1.2 Mineral substances used for material purposes"
        },
        {
          "value": "provisioning-abiotic-4-3-1-3-mineral-substances-used-for-as-an-energy-source",
          "label": "Provisioning (Abiotic) - 4.3.1.3 Mineral substances used for as an energy source"
        },
        {
          "value": "provisioning-abiotic-4-3-2-1-non-mineral-substances-or-ecosystem-properties-used-for-nutritional-purposes",
          "label": "Provisioning (Abiotic) - 4.3.2.1 Non-mineral substances or ecosystem properties used for nutritional purposes"
        },
        {
          "value": "provisioning-abiotic-4-3-2-2-non-mineral-substances-used-for-materials",
          "label": "Provisioning (Abiotic) - 4.3.2.2 Non-mineral substances used for materials"
        },
        {
          "value": "provisioning-abiotic-4-3-2-3-wind-energy",
          "label": "Provisioning (Abiotic) - 4.3.2.3 Wind energy"
        },
        {
          "value": "provisioning-abiotic-4-3-2-4-solar-energy",
          "label": "Provisioning (Abiotic) - 4.3.2.4 Solar energy"
        },
        {
          "value": "provisioning-abiotic-4-3-2-5-geothermal",
          "label": "Provisioning (Abiotic) - 4.3.2.5 Geothermal"
        },
        {
          "value": "provisioning-abiotic-4-3-2-6-other",
          "label": "Provisioning (Abiotic) - 4.3.2.6 Other"
        },
        {
          "value": "regulation-maintenance-abiotic-5-1-1-1-dilution-by-freshwater-and-marine-ecosystems",
          "label": "Regulation & Maintenance (Abiotic) - 5.1.1.1 Dilution by freshwater and marine ecosystems"
        },
        {
          "value": "regulation-maintenance-abiotic-5-1-1-2-dilution-by-atmosphere",
          "label": "Regulation & Maintenance (Abiotic) - 5.1.1.2 Dilution by atmosphere"
        },
        {
          "value": "regulation-maintenance-abiotic-5-1-1-3-mediation-by-other-chemical-or-physical-means-e-g-via-filtration-sequestration-storage-or-accumulation",
          "label": "Regulation & Maintenance (Abiotic) - 5.1.1.3 Mediation by other chemical or physical means (e.g. via Filtration, sequestration, storage or accumulation)"
        },
        {
          "value": "regulation-maintenance-abiotic-5-1-2-1-mediation-of-nuisances-by-abiotic-structures-or-processes",
          "label": "Regulation & Maintenance (Abiotic) - 5.1.2.1 Mediation of nuisances by abiotic structures or processes"
        },
        {
          "value": "regulation-maintenance-abiotic-5-2-1-1-mass-flows",
          "label": "Regulation & Maintenance (Abiotic) - 5.2.1.1 Mass flows"
        },
        {
          "value": "regulation-maintenance-abiotic-5-2-1-2-liquid-flows",
          "label": "Regulation & Maintenance (Abiotic) - 5.2.1.2 Liquid flows"
        },
        {
          "value": "regulation-maintenance-abiotic-5-2-1-3-gaseous-flows",
          "label": "Regulation & Maintenance (Abiotic) - 5.2.1.3 Gaseous flows"
        },
        {
          "value": "regulation-maintenance-abiotic-5-2-2-1-maintenance-and-regulation-by-inorganic-natural-chemical-and-physical-processes",
          "label": "Regulation & Maintenance (Abiotic) - 5.2.2.1 Maintenance and regulation by inorganic natural chemical and physical processes"
        },
        {
          "value": "regulation-maintenance-abiotic-5-3-x-x-other",
          "label": "Regulation & Maintenance (Abiotic) - 5.3.X.X Other"
        },
        {
          "value": "cultural-abiotic-6-1-1-1-natural-abiotic-characteristics-of-nature-that-enable-active-or-passive-physical-and-experiential-interactions",
          "label": "Cultural (Abiotic) - 6.1.1.1 Natural, abiotic characteristics of nature that enable active or passive physical and experiential interactions"
        },
        {
          "value": "cultural-abiotic-6-1-2-1-natural-abiotic-characteristics-of-nature-that-enable-intellectual-interactions",
          "label": "Cultural (Abiotic) - 6.1.2.1 Natural, abiotic characteristics of nature that enable intellectual interactions"
        },
        {
          "value": "cultural-abiotic-6-2-1-1-natural-abiotic-characteristics-of-nature-that-enable-spiritual-symbolic-and-other-interactions",
          "label": "Cultural (Abiotic) - 6.2.1.1 Natural, abiotic characteristics of nature that enable spiritual, symbolic and other interactions"
        },
        {
          "value": "cultural-abiotic-6-2-2-1-natural-abiotic-characteristics-or-features-of-nature-that-have-either-an-existence-option-or-bequest-value",
          "label": "Cultural (Abiotic) - 6.2.2.1 Natural, abiotic characteristics or features of nature that have either an existence, option or bequest value"
        },
        {
          "value": "cultural-abiotic-6-3-x-x-other",
          "label": "Cultural (Abiotic) - 6.3.X.X Other"
        }
      ],
      "help_text": "According the Common International Classification of Ecosystem Services (CICES) for Integrated Environmental and Economic Accounting - V5.1  <a href=\"https://cices.eu/resources/\" target=\"_blank\">cices.eu/resources/</a>",
      "help_position": "top",
      "help_allow_html": true
    },
    {
      "start_form_page": {
        "title": "MSP - Legal, Governance & Planning",
        "description": "Strategic, legislation, planning, administrative, enforcement"
      },
      "field_name": "legal-governance-planning-theme",
      "label": "Themes",
      "cluster": "legal-governance-planning",
      "preset": "multiple_checkbox",
      "choices": [
        {
          "value": "legal-status-maritime-zones",
          "label": "Legal status / Maritime zones"
        },
        {
          "value": "fisheries",
          "label": "Fisheries"
        },
        {
          "value": "aquaculture",
          "label": "Aquaculture"
        },
        {
          "value": "oil-gas",
          "label": "Oil & Gas"
        },
        {
          "value": "offshore-renewable-energy",
          "label": "Offshore Renewable Energy"
        },
        {
          "value": "maritime-transport-and-ports",
          "label": "Maritime Transport and Ports"
        },
        {
          "value": "military-uses",
          "label": "Military uses"
        },
        {
          "value": "dredging-and-dumping-of-dredged-materials",
          "label": "Dredging and dumping of dredged materials"
        },
        {
          "value": "coastal-defence",
          "label": "Coastal defence"
        },
        {
          "value": "desalination",
          "label": "Desalination"
        },
        {
          "value": "coastal-tourism",
          "label": "Coastal tourism"
        },
        {
          "value": "nautical-sports-leisure-boating-and-marinas",
          "label": "Nautical sports, leisure boating and marinas"
        },
        {
          "value": "underwater-cultural-heritage",
          "label": "Underwater cultural heritage"
        },
        {
          "value": "safety-and-surveillance",
          "label": "Safety and Surveillance"
        },
        {
          "value": "environment-e-g-pollution-and-biodiversity",
          "label": "Environment (e.g. pollution and biodiversity)"
        },
        {
          "value": "conservation-i-e-protected-areas",
          "label": "Conservation (i.e. Protected areas)"
        }
      ]
    },
    {
      "field_name": "legal-governance-planning-function",
      "label": "Functions",
      "cluster": "legal-governance-planning",
      "preset": "multiple_checkbox",
      "choices": [
        {
          "value": "strategic-international",
          "label": "Strategic - International"
        },
        {
          "value": "strategic-eu",
          "label": "Strategic - EU"
        },
        {
          "value": "strategic-national",
          "label": "Strategic - National"
        },
        {
          "value": "strategic-regional",
          "label": "Strategic - Regional"
        },
        {
          "value": "legislation-international",
          "label": "Legislation - International"
        },
        {
          "value": "legislation-eu",
          "label": "Legislation - EU"
        },
        {
          "value": "legislation-national",
          "label": "Legislation - National"
        },
        {
          "value": "legislation-regional",
          "label": "Legislation - Regional"
        },
        {
          "value": "planning-international",
          "label": "Planning - International"
        },
        {
          "value": "planning-eu",
          "label": "Planning - EU"
        },
        {
          "value": "planning-national",
          "label": "Planning - National"
        },
        {
          "value": "planning-regional",
          "label": "Planning - Regional"
        },
        {
          "value": "administrative-national",
          "label": "Administrative - National"
        },
        {
          "value": "administrative-regional",
          "label": "Administrative - Regional"
        },
        {
          "value": "enforcement-motoring",
          "label": "Enforcement - Motoring"
        },
        {
          "value": "enforcement-motoring",
          "label": "Enforcement - Motoring"
        },
        {
          "value": "enforcement-control",
          "label": "Enforcement - Control"
        },
        {
          "value": "enforcement-control",
          "label": "Enforcement - Control"
        },
        {
          "value": "judicial-application-international",
          "label": "Judicial application - International"
        },
        {
          "value": "judicial-application-eu",
          "label": "Judicial application - EU"
        },
        {
          "value": "judicial-application-national",
          "label": "Judicial application - National"
        }
      ]
    },
    {
      "field_name": "legal-governance-planning-who-is-in-charge",
      "label": "Who is in charge?",
      "cluster": "legal-governance-planning"
    },
    {
      "start_form_page": {
        "title": "MSP - Relevance",
        "description": "Relevance of the dataset / resource in supporting the MSP process at different spatial scales and temporal frames"
      },
      "field_name": "relevance-spatial-and-temporal",
      "label": "Relevance (spatial and temporal)",
      "cluster": "relevance",
      "preset": "multiple_checkbox",
      "choices": [
        {
          "value": "international-present-high",
          "label": "International - present - High"
        },
        {
          "value": "international-present-medium",
          "label": "International - present - Medium"
        },
        {
          "value": "international-present-low",
          "label": "International - present - Low"
        },
        {
          "value": "international-future-high",
          "label": "International - future - High"
        },
        {
          "value": "international-future-medium",
          "label": "International - future - Medium"
        },
        {
          "value": "international-future-low",
          "label": "International - future - Low"
        },
        {
          "value": "national-present-high",
          "label": "National - present - High"
        },
        {
          "value": "national-present-medium",
          "label": "National - present - Medium"
        },
        {
          "value": "national-present-low",
          "label": "National - present - Low"
        },
        {
          "value": "national-future-high",
          "label": "National - future - High"
        },
        {
          "value": "national-future-medium",
          "label": "National - future - Medium"
        },
        {
          "value": "national-future-low",
          "label": "National - future - Low"
        },
        {
          "value": "sub-area-present-high",
          "label": "Sub-area - present - High"
        },
        {
          "value": "sub-area-present-medium",
          "label": "Sub-area - present - Medium"
        },
        {
          "value": "sub-area-present-low",
          "label": "Sub-area - present - Low"
        },
        {
          "value": "sub-area-future-high",
          "label": "Sub-area - future - High"
        },
        {
          "value": "sub-area-future-medium",
          "label": "Sub-area - future - Medium"
        },
        {
          "value": "sub-area-future-low",
          "label": "Sub-area - future - Low"
        },
        {
          "value": "local-present-high",
          "label": "Local - present - High"
        },
        {
          "value": "local-present-medium",
          "label": "Local - present - Medium"
        },
        {
          "value": "local-present-low",
          "label": "Local - present - Low"
        },
        {
          "value": "local-future-high",
          "label": "Local - future - High"
        },
        {
          "value": "local-future-medium",
          "label": "Local - future - Medium"
        },
        {
          "value": "local-future-low",
          "label": "Local - future - Low"
        }
      ]
    }
  ],
  "resource_fields": [
    {
      "field_name": "mspkc_resource_type",
      "label": "Resource type",
      "preset": "select",
      "help_text": "Select from the list the type of resource.",
      "choices": [
          {
              "value": "WebService",
              "label": "Web service"
          },
          {
              "value": "GeospatialDataset",
              "label": "Geospatial dataset"
          },
          {
              "value": "MapViewer",
              "label": "Map viewer"
          },
          {
              "value": "WebPage",
              "label": "Web page"
          },
          {
              "value": "Document",
              "label": "Document"
          },
          {
              "value": "Metadata",
              "label": "Metadata"
          },
          {
              "value": "Other",
              "label": "Other"
          },
          {
              "value": "OtherAddInfo",
              "label": "Other - AddInfo"
          }
      ]
    },
    {
      "field_name": "url",
      "label": "Source",
      "preset": "resource_url_upload",
      "form_placeholder": "http://example.com/my-camel-photo.jpg",
      "upload_label": "Source",
      "help_text": "If you refer to a resource already available elsewhere, use 'Link' to add the URL where it is accessible. Otherwise, you can upload the resource directly to the catalogue via 'Upload'."
    },
    {
      "field_name": "name",
      "label": "Name",
      "form_placeholder": "A descriptive short name for the resource"
    },
    {
      "field_name": "description",
      "label": "Description",
      "help_text": "Brief description of the resource (e.g. content of a document or of a web page, description of all relevant attribute fields for a geospatial dataset, ...).",
      "form_snippet": "markdown.html",
      "form_placeholder": "Some useful notes about the data"
    },
    {
      "field_name": "format",
      "label": "Format",
      "preset": "resource_format_autocomplete",
      "help_text": "Please select the format of the data resouce, e.g. wms, wfs, html, ecc. (for web pages, inclung mapviewers)."
    }
  ]
}